{
  "reconstruction": {
    "mse": 0.0,
    "psnr": 100.0,
    "num_samples": 100
  },
  "inference_speed": {
    "g_raw_ms": 0.6147456169128418,
    "token_sort_ms": 8.612456321716309,
    "total_ms": 9.22720193862915,
    "throughput": 108.37521565595715,
    "num_samples": 100
  },
  "memory_usage": {
    "1": {
      "allocated_mb": 45.7890625,
      "reserved_mb": 1042.0,
      "peak_mb": 2825.2685546875
    },
    "2": {
      "allocated_mb": 57.5400390625,
      "reserved_mb": 2168.0,
      "peak_mb": 2825.2685546875
    },
    "4": {
      "allocated_mb": 81.2607421875,
      "reserved_mb": 4228.0,
      "peak_mb": 2825.2685546875
    },
    "8": {
      "allocated_mb": 128.7021484375,
      "reserved_mb": 8538.0,
      "peak_mb": 5578.5185546875
    }
  },
  "token_reduction": {
    "original_tokens": 256.0,
    "selected_tokens": 128.0,
    "reduction_percent": 50.0,
    "compression_ratio": 2.0,
    "num_samples": 100
  }
}