{
    "epoch": 0.9987995198079231,
    "total_flos": 2.7865506439285965e+17,
    "train_loss": 7.191354452035366,
    "train_runtime": 3201.734,
    "train_samples_per_second": 6.243,
    "train_steps_per_second": 0.195
}