{
    "epoch": 0.9987995198079231,
    "total_flos": 2.7745030257822925e+17,
    "train_loss": 13.554345931762304,
    "train_runtime": 2821.402,
    "train_samples_per_second": 7.085,
    "train_steps_per_second": 0.221
}