{
    "epoch": 0.9987995198079231,
    "total_flos": 2.7865506439285965e+17,
    "train_loss": 0.8102518931413308,
    "train_runtime": 2881.526,
    "train_samples_per_second": 6.937,
    "train_steps_per_second": 0.217
}