{
    "epoch": 0.9996998499249625,
    "total_flos": 1.237212917179351e+17,
    "train_loss": 171.37131922334743,
    "train_runtime": 4986.1532,
    "train_samples_per_second": 4.009,
    "train_steps_per_second": 0.25
}